FP1,F3,F7,FC3,C3,C5,P3,P7,PO7,PO3,O1,Oz,Pz,CPz,FP2,Fz,F4,F8,FC4,FCz,Cz,C4,C6,P4,P8,PO8,PO4,O2,(corr) HEOG,(corr) VEOG
-0.2251,-0.6885,-0.0945,-0.2791,-0.1364,0.023,0.1009,0.2014,-1.3448,0.2294,0.0048,0.0274,-0.2331,0.0074,-0.0078,-0.0533,-0.0352,0.571,0.0445,-0.0809,-0.1277,0.0098,0.0373,-0.0779,-0.1271,0.2531,0.2885,-0.2098,-0.0638,0.0866
-0.273,-0.7048,-0.0848,-0.2997,-0.1607,0.0729,0.0987,0.2135,-1.2806,0.246,0.0279,0.0592,-0.2755,-0.1006,-0.0691,-0.181,-0.1052,0.5343,-0.0158,-0.1783,-0.2486,-0.1054,-0.022,-0.1795,-0.1669,0.2079,0.2218,-0.2375,-0.1382,0.1538
-0.286,-0.6843,-0.053,-0.2935,-0.1569,0.1285,0.1205,0.249,-1.2053,0.2877,0.0897,0.113,-0.29,-0.1764,-0.1306,-0.2868,-0.1598,0.4878,-0.0553,-0.2501,-0.3335,-0.2056,-0.0828,-0.2624,-0.1927,0.1716,0.1646,-0.2441,-0.198,0.2061
-0.2597,-0.627,-0.0015,-0.2571,-0.1218,0.1868,0.1637,0.3058,-1.1372,0.3533,0.1843,0.1851,-0.2751,-0.2105,-0.188,-0.3538,-0.1898,0.4365,-0.0661,-0.2844,-0.3701,-0.2775,-0.1364,-0.3198,-0.2025,0.1492,0.1202,-0.2295,-0.2336,0.2436
-0.1981,-0.5406,0.0628,-0.1921,-0.0593,0.244,0.219,0.3764,-1.0962,0.4351,0.2979,0.2668,-0.2377,-0.2042,-0.2393,-0.3725,-0.1902,0.3856,-0.0477,-0.2773,-0.3565,-0.314,-0.1761,-0.3511,-0.1984,0.1412,0.0875,-0.1984,-0.2386,0.2719
-0.1131,-0.4391,0.1301,-0.1054,0.0209,0.296,0.2728,0.4508,-1.0984,0.5202,0.4113,0.3464,-0.1903,-0.1678,-0.2837,-0.343,-0.1599,0.3402,-0.0059,-0.2328,-0.3,-0.3154,-0.1975,-0.3618,-0.1855,0.1439,0.0628,-0.1596,-0.211,0.2993
-0.0212,-0.3399,0.1893,-0.0076,0.1055,0.3389,0.3103,0.5182,-1.1529,0.5939,0.5045,0.4123,-0.148,-0.1174,-0.3218,-0.2741,-0.1022,0.3046,0.0485,-0.1617,-0.2155,-0.2881,-0.199,-0.3608,-0.17,0.1512,0.0419,-0.1231,-0.1528,0.3339
0.0602,-0.2596,0.2306,0.0891,0.1807,0.3701,0.3193,0.5701,-1.2579,0.6428,0.5614,0.4556,-0.1239,-0.0704,-0.354,-0.1809,-0.0241,0.2818,0.1035,-0.0788,-0.1213,-0.2426,-0.1812,-0.3575,-0.1572,0.1558,0.022,-0.0983,-0.0706,0.3797
0.1164,-0.2107,0.2471,0.1731,0.2351,0.388,0.2931,0.6012,-1.4,0.658,0.573,0.472,-0.1262,-0.0411,-0.3802,-0.0818,0.0656,0.2731,0.1488,0.0009,-0.0351,-0.1906,-0.1463,-0.3593,-0.1501,0.1522,0.0032,-0.0916,0.0264,0.4355
0.1389,-0.1987,0.2369,0.2359,0.2619,0.3928,0.2324,0.6108,-1.5553,0.6372,0.5392,0.4626,-0.1558,-0.0374,-0.3996,0.0061,0.158,0.2782,0.1789,0.0657,0.0295,-0.1414,-0.0967,-0.3696,-0.1486,0.138,-0.0112,-0.1056,0.1273,0.4948
0.1265,-0.2209,0.2028,0.2739,0.2606,0.3867,0.1451,0.6016,-1.6939,0.5853,0.4687,0.4334,-0.2064,-0.0592,-0.4106,0.0706,0.2463,0.2959,0.1947,0.1099,0.0662,-0.0994,-0.0343,-0.3867,-0.1497,0.1152,-0.0155,-0.1378,0.2217,0.5473
0.0861,-0.2673,0.1519,0.2895,0.2367,0.3744,0.0451,0.5791,-1.7855,0.513,0.3764,0.3942,-0.2657,-0.0984,-0.4106,0.1076,0.3271,0.3251,0.2034,0.1352,0.0774,-0.0629,0.0394,-0.4048,-0.1484,0.09,-0.0026,-0.1818,0.3019,0.582
0.031,-0.3229,0.0939,0.2909,0.2013,0.3621,-0.0508,0.5494,-1.805,0.435,0.2807,0.3566,-0.3175,-0.1405,-0.3975,0.1219,0.4019,0.3651,0.2174,0.1507,0.0733,-0.0244,0.1241,-0.4144,-0.1389,0.0717,0.0336,-0.2279,0.3637,0.5902
-0.0218,-0.3711,0.0388,0.2905,0.1683,0.3576,-0.1251,0.5182,-1.7382,0.3669,0.1995,0.3317,-0.345,-0.1678,-0.3697,0.1259,0.4755,0.4154,0.2506,0.1705,0.0704,0.0267,0.2195,-0.4055,-0.1166,0.0704,0.0971,-0.2652,0.4072,0.568
-0.0542,-0.3972,-0.005,0.3014,0.1515,0.3677,-0.1639,0.4898,-1.5837,0.322,0.1467,0.3286,-0.3341,-0.1629,-0.3274,0.1358,0.5546,0.4756,0.3143,0.2098,0.0866,0.1012,0.3246,-0.3693,-0.0789,0.0944,0.1879,-0.2834,0.4357,0.5167
-0.0509,-0.3912,-0.0326,0.3341,0.1615,0.3967,-0.1586,0.4667,-1.3535,0.3087,0.1305,0.3522,-0.2762,-0.1135,-0.2729,0.1674,0.6443,0.5436,0.4137,0.2808,0.1371,0.2057,0.4374,-0.3008,-0.0263,0.148,0.3016,-0.2754,0.4547,0.4432
-0.0025,-0.3501,-0.0434,0.3932,0.2019,0.4441,-0.1081,0.4493,-1.0709,0.3291,0.1518,0.4026,-0.1702,-0.0146,-0.2103,0.2308,0.7461,0.6155,0.5454,0.3888,0.2298,0.3404,0.5538,-0.2005,0.0379,0.2296,0.4299,-0.2387,0.4694,0.357
0.0923,-0.2776,-0.0409,0.4748,0.2684,0.5043,-0.0196,0.4362,-0.7664,0.3783,0.2043,0.4745,-0.0234,0.1283,-0.1453,0.3274,0.8553,0.6845,0.6975,0.5295,0.3624,0.4971,0.668,-0.0748,0.1073,0.3318,0.5617,-0.1765,0.4841,0.2689
0.2262,-0.1838,-0.0317,0.5668,0.3482,0.566,0.0922,0.4243,-0.4735,0.4451,0.2767,0.5585,0.1487,0.3002,-0.0839,0.4478,0.9611,0.7426,0.8521,0.6888,0.522,0.6604,0.7729,0.0644,0.175,0.4425,0.6847,-0.0969,0.5009,0.188
0.3837,-0.083,-0.0235,0.6501,0.423,0.615,0.2075,0.4091,-0.224,0.5141,0.354,0.6417,0.3243,0.4776,-0.0313,0.5736,1.0484,0.7814,0.9887,0.8444,0.6864,0.81,0.8613,0.2015,0.2338,0.5477,0.7879,-0.0114,0.5194,0.121
0.544,0.0081,-0.0231,0.703,0.4721,0.6368,0.3045,0.3861,-0.0448,0.568,0.4203,0.7103,0.4785,0.6327,0.0083,0.68,1.1006,0.7941,1.0889,0.9698,0.8278,0.9246,0.9271,0.3196,0.2784,0.6335,0.8627,0.0666,0.537,0.0719
0.6841,0.0733,-0.0347,0.7059,0.4779,0.6205,0.3635,0.3516,0.0461,0.5912,0.4614,0.7518,0.5864,0.7375,0.0319,0.7416,1.1032,0.7773,1.1396,1.0393,0.9174,0.9856,0.9659,0.4032,0.3055,0.6889,0.9044,0.1246,0.5495,0.0425
0.7829,0.0992,-0.0589,0.646,0.4297,0.5613,0.3701,0.3038,0.0411,0.5722,0.467,0.7576,0.6281,0.7698,0.0374,0.7379,1.0471,0.732,1.1347,1.0331,0.9312,0.9805,0.9755,0.4405,0.3142,0.707,0.912,0.1528,0.5512,0.0343
0.8244,0.0777,-0.0931,0.5203,0.3261,0.462,0.3182,0.244,-0.0555,0.5061,0.4321,0.7242,0.5913,0.7166,0.0226,0.6585,0.9307,0.6632,1.0757,0.9411,0.8541,0.9042,0.956,0.4252,0.3052,0.6864,0.888,0.1457,0.5361,0.0485
0.8009,0.007,-0.1322,0.3374,0.1757,0.3322,0.2105,0.1764,-0.2287,0.3953,0.3579,0.6547,0.4741,0.5773,-0.0147,0.5058,0.7611,0.579,0.9704,0.766,0.6835,0.7602,0.9092,0.3576,0.2799,0.63,0.8376,0.1029,0.4983,0.0874
0.714,-0.1075,-0.1698,0.1156,-0.0045,0.1863,0.0586,0.108,-0.4546,0.2496,0.2516,0.5574,0.2859,0.3641,-0.077,0.2954,0.5521,0.4889,0.8307,0.5226,0.4312,0.559,0.838,0.2446,0.2397,0.5448,0.7676,0.029,0.4338,0.1531
0.5746,-0.2543,-0.1998,-0.12,-0.1926,0.0406,-0.1197,0.047,-0.7045,0.0841,0.1254,0.4451,0.0459,0.1006,-0.1656,0.0533,0.3232,0.4015,0.671,0.2366,0.1214,0.3174,0.7463,0.0985,0.1859,0.4402,0.6858,-0.0674,0.3418,0.2468
0.4014,-0.4174,-0.2169,-0.3423,-0.3657,-0.0899,-0.3033,0.0013,-0.949,-0.0832,-0.0056,0.3318,-0.2192,-0.1824,-0.2796,-0.1899,0.0955,0.3231,0.5063,-0.0598,-0.2114,0.0554,0.6379,-0.0646,0.1192,0.3265,0.5998,-0.175,0.2258,0.3673
0.2172,-0.579,-0.2183,-0.5265,-0.5038,-0.1935,-0.4709,-0.0235,-1.1623,-0.2339,-0.1252,0.2304,-0.4796,-0.4515,-0.4148,-0.4049,-0.1108,0.2564,0.3506,-0.3328,-0.5285,-0.2057,0.5171,-0.2279,0.0409,0.2134,0.5166,-0.2819,0.0942,0.5095
0.0451,-0.7228,-0.2033,-0.6541,-0.5933,-0.2635,-0.6042,-0.0247,-1.3253,-0.3529,-0.2192,0.1503,-0.7067,-0.6766,-0.5628,-0.5693,-0.2796,0.2006,0.2158,-0.5527,-0.7931,-0.4462,0.388,-0.3761,-0.048,0.1085,0.4414,-0.3777,-0.0402,0.6644
-0.0954,-0.8358,-0.1741,-0.7155,-0.6286,-0.2983,-0.6909,-0.0033,-1.4274,-0.43,-0.2772,0.0959,-0.8776,-0.8352,-0.712,-0.6715,-0.4013,0.153,0.111,-0.6979,-0.9762,-0.6502,0.2548,-0.4982,-0.1458,0.0168,0.3775,-0.4555,-0.1621,0.8203
-0.1918,-0.9114,-0.1352,-0.7104,-0.613,-0.3015,-0.7263,0.0362,-1.4672,-0.4619,-0.2949,0.0656,-0.9788,-0.9159,-0.8491,-0.7125,-0.4736,0.1104,0.0417,-0.7587,-1.0618,-0.8076,0.1214,-0.5889,-0.2506,-0.0601,0.3255,-0.5124,-0.2565,0.9648
-0.2399,-0.9493,-0.0925,-0.647,-0.5576,-0.2806,-0.7142,0.0868,-1.4516,-0.4528,-0.2749,0.0529,-1.0077,-0.9199,-0.9611,-0.7039,-0.5016,0.071,0.0095,-0.7381,-1.0493,-0.9149,-0.0083,-0.6492,-0.36,-0.1237,0.2835,-0.5501,-0.3113,1.087
-0.2438,-0.9552,-0.0523,-0.5401,-0.4791,-0.2462,-0.6662,0.1402,-1.3933,-0.4137,-0.2261,0.0476,-0.9733,-0.8596,-1.0375,-0.6649,-0.496,0.0353,0.0115,-0.6504,-0.9532,-0.9749,-0.1308,-0.6853,-0.471,-0.1773,0.2474,-0.5742,-0.3197,1.1801
-0.2136,-0.9393,-0.0204,-0.4078,-0.3966,-0.2098,-0.5992,0.1882,-1.3078,-0.3598,-0.162,0.0385,-0.8935,-0.7559,-1.0721,-0.617,-0.4703,0.0064,0.0416,-0.5183,-0.7994,-0.9957,-0.2429,-0.7065,-0.5795,-0.2247,0.212,-0.5923,-0.281,1.2422
-0.1625,-0.913,-0.0009,-0.2691,-0.328,-0.1818,-0.5324,0.2243,-1.2104,-0.3081,-0.0978,0.0162,-0.7913,-0.6339,-1.064,-0.5796,-0.4383,-0.0117,0.0907,-0.3679,-0.6198,-0.988,-0.3418,-0.7228,-0.6807,-0.2695,0.1724,-0.6124,-0.2012,1.276
-0.1045,-0.8863,0.0046,-0.1417,-0.287,-0.1702,-0.4832,0.2445,-1.1129,-0.2736,-0.0472,-0.0253,-0.6906,-0.5183,-1.018,-0.5664,-0.4112,-0.0155,0.148,-0.2239,-0.4462,-0.9637,-0.4257,-0.743,-0.7693,-0.3137,0.1252,-0.641,-0.0912,1.2876
-0.0517,-0.8658,-0.0035,-0.0399,-0.2814,-0.1794,-0.4643,0.2475,-1.0223,-0.2671,-0.0199,-0.0874,-0.6116,-0.4296,-0.9439,-0.5837,-0.3963,-0.0041,0.2028,-0.1067,-0.3054,-0.9338,-0.4934,-0.7727,-0.8408,-0.3573,0.0693,-0.6821,0.0342,1.2851
-0.0126,-0.854,-0.0226,0.026,-0.3128,-0.2096,-0.4819,0.2345,-0.9406,-0.2935,-0.0204,-0.1671,-0.5683,-0.3818,-0.8551,-0.6315,-0.3964,0.0201,0.245,-0.0301,-0.2157,-0.9071,-0.5453,-0.8139,-0.892,-0.3992,0.0057,-0.7364,0.1584,1.2763
0.0088,-0.8493,-0.0491,0.0499,-0.3769,-0.2577,-0.5354,0.2078,-0.8664,-0.3519,-0.0473,-0.2583,-0.567,-0.3812,-0.766,-0.7052,-0.4109,0.0516,0.267,-0.0007,-0.1861,-0.8895,-0.5831,-0.8652,-0.9218,-0.4369,-0.0628,-0.8021,0.2654,1.2675
0.0127,-0.8476,-0.0789,0.0314,-0.4658,-0.3175,-0.6181,0.1702,-0.7969,-0.4363,-0.0948,-0.3532,-0.6066,-0.4273,-0.6898,-0.7976,-0.4368,0.083,0.2636,-0.0189,-0.2164,-0.8837,-0.6091,-0.9222,-0.9309,-0.4672,-0.1319,-0.8749,0.3412,1.2617
0.0032,-0.8447,-0.1074,-0.0253,-0.5692,-0.3814,-0.7195,0.124,-0.7297,-0.5372,-0.1537,-0.4436,-0.6797,-0.5133,-0.6361,-0.9008,-0.4698,0.1074,0.2326,-0.0795,-0.299,-0.8892,-0.626,-0.9788,-0.9213,-0.4868,-0.1963,-0.9489,0.3759,1.2588
-0.0131,-0.8375,-0.1305,-0.1109,-0.6765,-0.4425,-0.8274,0.0711,-0.6645,-0.6435,-0.2134,-0.5215,-0.7753,-0.6284,-0.6095,-1.0072,-0.5058,0.1198,0.1752,-0.1736,-0.4211,-0.903,-0.6359,-1.0285,-0.8959,-0.4927,-0.2506,-1.0171,0.365,1.2565
-0.0287,-0.8255,-0.1446,-0.2131,-0.7786,-0.4957,-0.93,0.0135,-0.603,-0.7443,-0.2644,-0.5805,-0.8806,-0.7589,-0.6096,-1.1099,-0.541,0.1187,0.0952,-0.2898,-0.5669,-0.9206,-0.6403,-1.0652,-0.8574,-0.4831,-0.2897,-1.0726,0.3095,1.2513
-0.0366,-0.8104,-0.1471,-0.3184,-0.869,-0.5391,-1.0178,-0.0462,-0.5488,-0.8306,-0.2993,-0.6161,-0.9836,-0.8909,-0.632,-1.2034,-0.5727,0.1054,-0.0012,-0.4157,-0.7202,-0.9372,-0.6397,-1.0847,-0.8084,-0.4575,-0.3095,-1.1096,0.2167,1.2399
-0.0316,-0.7961,-0.1369,-0.4144,-0.9444,-0.5743,-1.0846,-0.1052,-0.5068,-0.8962,-0.3143,-0.6265,-1.0745,-1.0115,-0.6697,-1.283,-0.599,0.0838,-0.1064,-0.5392,-0.866,-0.9485,-0.6344,-1.0855,-0.7514,-0.4175,-0.3078,-1.1239,0.0984,1.2209
-0.0108,-0.7869,-0.1147,-0.4918,-1.0042,-0.6051,-1.1275,-0.1605,-0.4824,-0.9383,-0.309,-0.6128,-1.1465,-1.1105,-0.7142,-1.3457,-0.6191,0.0588,-0.2124,-0.65,-0.9923,-0.9517,-0.6251,-1.0687,-0.6893,-0.3662,-0.2846,-1.1146,-0.0301,1.1947
0.0259,-0.7866,-0.083,-0.5455,-1.0497,-0.6365,-1.1461,-0.209,-0.4799,-0.957,-0.2854,-0.5786,-1.196,-1.1812,-0.7573,-1.3902,-0.6326,0.0348,-0.3113,-0.74,-1.0906,-0.9458,-0.6135,-1.0379,-0.6251,-0.3083,-0.2427,-1.0833,-0.152,1.1636
0.0762,-0.7975,-0.0451,-0.5741,-1.0827,-0.6725,-1.142,-0.2478,-0.5014,-0.9544,-0.2471,-0.529,-1.2218,-1.2203,-0.7914,-1.4169,-0.6397,0.0146,-0.3962,-0.8036,-1.1559,-0.9317,-0.6025,-0.9976,-0.5625,-0.2486,-0.187,-1.0346,-0.2518,1.1305
0.1355,-0.8195,-0.0051,-0.5795,-1.1045,-0.7148,-1.1175,-0.2747,-0.5458,-0.9332,-0.1974,-0.4688,-1.2242,-1.2279,-0.8102,-1.4284,-0.6407,-0.0013,-0.4615,-0.838,-1.1869,-0.9113,-0.5959,-0.9529,-0.5056,-0.1918,-0.1239,-0.9743,-0.3176,1.0977
0.198,-0.8501,0.0328,-0.5656,-1.1157,-0.7621,-1.0749,-0.2877,-0.6077,-0.8956,-0.1389,-0.4023,-1.2046,-1.2068,-0.8089,-1.4289,-0.6363,-0.0141,-0.5033,-0.8427,-1.1851,-0.8877,-0.598,-0.9074,-0.4588,-0.1412,-0.0598,-0.9087,-0.3425,1.0656
0.257,-0.8857,0.0653,-0.5371,-1.1156,-0.8105,-1.0166,-0.2855,-0.678,-0.8434,-0.0733,-0.332,-1.1647,-1.1618,-0.7849,-1.4242,-0.6276,-0.0261,-0.5196,-0.8199,-1.1546,-0.8637,-0.6122,-0.8633,-0.4254,-0.0992,-0.0006,-0.844,-0.326,1.0321
0.3067,-0.9218,0.0888,-0.4989,-1.1028,-0.8543,-0.9451,-0.2674,-0.7444,-0.7773,-0.0017,-0.2592,-1.1063,-1.0985,-0.7377,-1.4205,-0.6161,-0.0396,-0.5105,-0.774,-1.1013,-0.8415,-0.6397,-0.8209,-0.408,-0.0667,0.0497,-0.7849,-0.2738,0.9926
0.3428,-0.9544,0.1005,-0.4555,-1.0762,-0.8872,-0.8627,-0.2331,-0.7934,-0.6978,0.075,-0.1844,-1.0314,-1.0228,-0.6689,-1.4239,-0.6034,-0.0558,-0.4783,-0.7119,-1.0321,-0.8219,-0.6795,-0.7791,-0.407,-0.0441,0.0893,-0.7347,-0.1963,0.9406
0.3642,-0.981,0.098,-0.4109,-1.035,-0.9044,-0.7715,-0.1831,-0.812,-0.6054,0.156,-0.1077,-0.9415,-0.9393,-0.5819,-1.4385,-0.5911,-0.0739,-0.427,-0.641,-0.9536,-0.8039,-0.7272,-0.7356,-0.421,-0.0313,0.1186,-0.695,-0.1065,0.8692
0.3728,-1.0003,0.08,-0.3678,-0.979,-0.9026,-0.6736,-0.1188,-0.7904,-0.5014,0.2411,-0.0295,-0.8375,-0.851,-0.4809,-1.4652,-0.58,-0.0912,-0.3615,-0.5687,-0.8705,-0.7844,-0.7754,-0.6874,-0.4464,-0.0275,0.1403,-0.6655,-0.017,0.7716
0.3738,-1.0123,0.0473,-0.3279,-0.9087,-0.8807,-0.5706,-0.0428,-0.7244,-0.3881,0.3299,0.0486,-0.7195,-0.758,-0.3706,-1.5005,-0.5693,-0.1035,-0.2865,-0.4999,-0.7848,-0.7586,-0.8146,-0.6315,-0.4783,-0.0315,0.1581,-0.6448,0.0621,0.6434
0.3744,-1.0179,0.0036,-0.2913,-0.8253,-0.8399,-0.4648,0.0411,-0.6174,-0.2695,0.4221,0.1241,-0.5873,-0.6587,-0.2558,-1.5369,-0.556,-0.1068,-0.206,-0.4365,-0.6947,-0.7204,-0.8346,-0.565,-0.5106,-0.0413,0.1761,-0.6306,0.1251,0.4834
0.3823,-1.0181,-0.045,-0.2566,-0.73,-0.7825,-0.3586,0.1275,-0.4814,-0.1513,0.516,0.1927,-0.4407,-0.55,-0.1402,-1.5639,-0.5358,-0.0981,-0.1225,-0.3766,-0.5961,-0.6638,-0.8266,-0.4861,-0.5372,-0.0542,0.1979,-0.6206,0.1713,0.2945
0.4031,-1.0136,-0.0897,-0.221,-0.6245,-0.7113,-0.2555,0.2109,-0.336,-0.0403,0.6084,0.2488,-0.281,-0.4287,-0.0269,-1.5705,-0.5041,-0.0767,-0.0373,-0.3155,-0.4833,-0.5845,-0.7851,-0.3949,-0.553,-0.0673,0.2255,-0.613,0.2043,0.0843
0.4391,-1.004,-0.1213,-0.1808,-0.5105,-0.6282,-0.159,0.2862,-0.2043,0.0564,0.6939,0.2862,-0.1114,-0.2932,0.0819,-1.5478,-0.4573,-0.045,0.0492,-0.2474,-0.3519,-0.4817,-0.7093,-0.2936,-0.5548,-0.0781,0.2591,-0.6074,0.2303,-0.1358
0.4883,-0.9879,-0.1312,-0.1316,-0.3894,-0.5341,-0.0727,0.3502,-0.1085,0.1329,0.7657,0.2998,0.0619,-0.1446,0.1842,-1.4918,-0.3948,-0.0079,0.1364,-0.1666,-0.1997,-0.3585,-0.6038,-0.1874,-0.5416,-0.0852,0.2969,-0.6037,0.2565,-0.3516
0.5448,-0.963,-0.1135,-0.0694,-0.2625,-0.4278,0.0011,0.4022,-0.0644,0.1856,0.8167,0.287,0.231,0.0133,0.2778,-1.4042,-0.3189,0.0288,0.2234,-0.0695,-0.0284,-0.222,-0.4772,-0.0835,-0.5147,-0.0883,0.336,-0.6028,0.2888,-0.5479
0.5999,-0.9269,-0.066,0.0082,-0.1311,-0.3072,0.0617,0.4443,-0.0777,0.2143,0.8415,0.2494,0.3869,0.174,0.36,-1.2927,-0.2348,0.0593,0.3083,0.0446,0.1562,-0.082,-0.3416,0.0103,-0.4775,-0.0884,0.3728,-0.6048,0.3303,-0.711
0.645,-0.8774,0.0089,0.1008,0.003,-0.17,0.1106,0.4807,-0.142,0.2227,0.8379,0.1934,0.5213,0.3294,0.4277,-1.1691,-0.1493,0.0795,0.3889,0.1732,0.3454,0.051,-0.2092,0.087,-0.4345,-0.0871,0.4043,-0.609,0.3807,-0.831
0.6733,-0.8139,0.1048,0.2048,0.1374,-0.0158,0.1512,0.5162,-0.2412,0.2184,0.8083,0.1294,0.6288,0.4715,0.478,-1.0472,-0.0688,0.0881,0.4631,0.3105,0.5289,0.1685,-0.091,0.1425,-0.3901,-0.0856,0.4288,-0.6128,0.4365,-0.9036
0.6821,-0.7369,0.212,0.3138,0.2683,0.1531,0.1881,0.5553,-0.3527,0.2113,0.7601,0.0701,0.7072,0.5937,0.5093,-0.9401,0.0021,0.0866,0.5295,0.4489,0.6961,0.2657,0.0058,0.1764,-0.3481,-0.0842,0.4458,-0.6119,0.4917,-0.9316
0.6735,-0.6489,0.3192,0.4189,0.391,0.3301,0.2256,0.6004,-0.4534,0.2117,0.7044,0.0278,0.7584,0.6914,0.5221,-0.8576,0.0608,0.079,0.5873,0.5798,0.8389,0.3418,0.0781,0.1924,-0.3105,-0.0814,0.4567,-0.601,0.5401,-0.9242
0.6536,-0.5536,0.4155,0.5112,0.5,0.505,0.2665,0.651,-0.5251,0.2277,0.6538,0.0118,0.7869,0.7632,0.5191,-0.8046,0.1074,0.0705,0.6365,0.6951,0.9514,0.3998,0.1274,0.1969,-0.2777,-0.0749,0.4635,-0.5753,0.5765,-0.8949
0.631,-0.4563,0.4914,0.583,0.5898,0.6646,0.3114,0.7035,-0.5582,0.2637,0.6201,0.0264,0.799,0.8096,0.5048,-0.7812,0.1426,0.0655,0.6769,0.7883,1.0313,0.4443,0.1577,0.1973,-0.2488,-0.062,0.4689,-0.5318,0.598,-0.8587
0.615,-0.3633,0.5404,0.629,0.6553,0.7947,0.3576,0.7525,-0.5534,0.3191,0.6117,0.0702,0.8007,0.8326,0.4846,-0.7825,0.1675,0.0668,0.7071,0.8556,1.0789,0.4791,0.1743,0.1999,-0.2224,-0.0412,0.4748,-0.4707,0.6051,-0.8287
0.6135,-0.2823,0.5592,0.6471,0.693,0.8822,0.4003,0.7918,-0.5203,0.3882,0.6318,0.1366,0.7969,0.8346,0.463,-0.8011,0.1822,0.0743,0.7248,0.8953,1.0961,0.5064,0.1818,0.2087,-0.1977,-0.0126,0.4827,-0.3965,0.6007,-0.8138
0.6317,-0.2211,0.5479,0.6382,0.701,0.9174,0.433,0.8162,-0.4746,0.4615,0.678,0.2154,0.7904,0.8174,0.4429,-0.828,0.1856,0.0851,0.7268,0.908,1.0857,0.525,0.1832,0.2242,-0.1745,0.0214,0.4928,-0.317,0.5895,-0.8165
0.6718,-0.187,0.5093,0.6061,0.6795,0.895,0.4494,0.8225,-0.4337,0.528,0.7429,0.2958,0.7818,0.7822,0.425,-0.8548,0.1762,0.0948,0.7099,0.8954,1.0499,0.5318,0.1803,0.245,-0.1533,0.0571,0.5049,-0.2421,0.5767,-0.8338
0.7331,-0.1848,0.4487,0.5561,0.6309,0.8163,0.4447,0.8104,-0.4125,0.5768,0.816,0.3687,0.7702,0.7303,0.408,-0.8752,0.1527,0.0987,0.6722,0.8606,0.991,0.5233,0.174,0.2683,-0.1344,0.0905,0.5193,-0.181,0.5662,-0.859
0.8127,-0.2157,0.3728,0.4942,0.5589,0.6888,0.4171,0.7824,-0.4205,0.6004,0.887,0.4288,0.7544,0.6635,0.3903,-0.885,0.1155,0.0938,0.6143,0.8073,0.9117,0.4975,0.1656,0.2922,-0.1174,0.119,0.5375,-0.1406,0.5601,-0.8849
0.9062,-0.2762,0.2892,0.4266,0.4689,0.5264,0.3684,0.7437,-0.4595,0.5959,0.9478,0.4751,0.734,0.5859,0.3708,-0.8828,0.0671,0.0796,0.5396,0.7407,0.8159,0.456,0.1574,0.3164,-0.1008,0.1417,0.5628,-0.1231,0.5582,-0.9071
1.0089,-0.3582,0.2051,0.3585,0.367,0.3469,0.3038,0.7007,-0.5245,0.5662,0.9939,0.51,0.71,0.5038,0.35,-0.8689,0.0127,0.0581,0.4547,0.667,0.7094,0.4044,0.1527,0.3434,-0.0817,0.1604,0.5998,-0.1264,0.558,-0.9254
1.1164,-0.4501,0.1278,0.2939,0.2599,0.1698,0.2317,0.66,-0.6053,0.5185,1.0252,0.5383,0.685,0.4255,0.33,-0.8448,-0.0411,0.0334,0.3681,0.5933,0.6006,0.3517,0.1552,0.3772,-0.0566,0.1784,0.6535,-0.1444,0.5562,-0.9442
1.2247,-0.5385,0.0635,0.2355,0.1544,0.0134,0.1614,0.6272,-0.6889,0.4633,1.0442,0.5644,0.6627,0.3602,0.3139,-0.8123,-0.0873,0.0102,0.2888,0.5266,0.4993,0.3086,0.168,0.4223,-0.022,0.1999,0.7269,-0.1688,0.5486,-0.9695
1.3305,-0.6112,0.0178,0.1844,0.057,-0.1084,0.102,0.6057,-0.7627,0.4111,1.0545,0.5912,0.6467,0.3159,0.3045,-0.7734,-0.1204,-0.0079,0.2246,0.4726,0.4148,0.2846,0.1926,0.4815,0.0243,0.2282,0.8199,-0.1911,0.5316,-1.0067
1.431,-0.6588,-0.0045,0.1404,-0.0268,-0.1871,0.0605,0.5968,-0.8171,0.3704,1.0589,0.6188,0.6396,0.298,0.3034,-0.7308,-0.1378,-0.0189,0.1805,0.4342,0.3543,0.2856,0.2279,0.5545,0.0826,0.2651,0.9285,-0.2045,0.5022,-1.0573
1.5235,-0.6772,-0.0008,0.1021,-0.0935,-0.2204,0.0403,0.5996,-0.8475,0.3458,1.0583,0.6442,0.6416,0.3065,0.3101,-0.6886,-0.1406,-0.0233,0.1575,0.4102,0.3201,0.3119,0.2705,0.6365,0.1506,0.3097,1.0445,-0.2051,0.4581,-1.1176
1.6053,-0.6685,0.0293,0.0668,-0.1418,-0.2112,0.0411,0.6121,-0.8549,0.3373,1.0517,0.662,0.6494,0.3361,0.3223,-0.6532,-0.1342,-0.0241,0.1521,0.3947,0.3085,0.3572,0.3144,0.7188,0.2234,0.3582,1.1569,-0.193,0.3982,-1.1786
1.6736,-0.6407,0.0825,0.0305,-0.1733,-0.1665,0.058,0.631,-0.8457,0.3407,1.0368,0.6655,0.6566,0.3753,0.3359,-0.6336,-0.1267,-0.0261,0.1559,0.3783,0.309,0.4097,0.352,0.7888,0.294,0.4041,1.2532,-0.1718,0.3222,-1.2287
1.7256,-0.6071,0.1519,-0.0117,-0.1922,-0.0956,0.083,0.6523,-0.8304,0.3485,1.0115,0.6484,0.6535,0.4082,0.3462,-0.6407,-0.1282,-0.0353,0.1571,0.3487,0.3058,0.4537,0.3749,0.8328,0.3536,0.4389,1.3217,-0.1486,0.2313,-1.2556
1.759,-0.5832,0.2272,-0.0648,-0.2047,-0.0088,0.1058,0.6723,-0.8204,0.3521,0.9747,0.6062,0.6293,0.4172,0.3486,-0.6856,-0.1491,-0.0572,0.1423,0.294,0.2814,0.4727,0.3748,0.8379,0.3935,0.453,1.3525,-0.1324,0.1284,-1.2499
1.7726,-0.584,0.2965,-0.1327,-0.2179,0.083,0.1157,0.6877,-0.8252,0.3434,0.9281,0.5381,0.5747,0.3863,0.34,-0.7765,-0.1974,-0.0956,0.0989,0.2054,0.2203,0.4531,0.345,0.7949,0.4063,0.4377,1.34,-0.1316,0.0189,-1.207
1.7663,-0.6201,0.3486,-0.2172,-0.2377,0.1699,0.1044,0.6967,-0.8497,0.3172,0.8757,0.448,0.4843,0.3056,0.3193,-0.9162,-0.2769,-0.1517,0.0183,0.0797,0.1134,0.3868,0.2821,0.7004,0.3874,0.3873,1.2837,-0.1525,-0.0905,-1.1283
1.7419,-0.6959,0.375,-0.3166,-0.2679,0.2434,0.067,0.6991,-0.8934,0.2723,0.824,0.3439,0.3586,0.1736,0.2874,-1.0996,-0.3856,-0.223,-0.1022,-0.0793,-0.039,0.2734,0.1866,0.5583,0.3363,0.301,1.1888,-0.1964,-0.1925,-1.0205
1.7019,-0.8081,0.3722,-0.4259,-0.3094,0.2971,0.0039,0.6969,-0.9507,0.2121,0.7801,0.2372,0.2047,-0.0015,0.2465,-1.3135,-0.5156,-0.3039,-0.2582,-0.2609,-0.2272,0.1206,0.064,0.3798,0.2567,0.1833,1.0657,-0.2594,-0.2803,-0.8942
1.6494,-0.9466,0.342,-0.5373,-0.3601,0.327,-0.0798,0.693,-1.0135,0.1432,0.7502,0.1401,0.0349,-0.2032,0.1996,-1.5383,-0.6545,-0.3867,-0.4382,-0.4496,-0.4335,-0.0579,-0.0768,0.1812,0.1564,0.0446,0.9292,-0.3327,-0.3497,-0.7616
1.5868,-1.0971,0.2904,-0.6419,-0.416,0.3316,-0.1749,0.6907,-1.0742,0.0738,0.7377,0.0631,-0.1358,-0.4103,0.1492,-1.7516,-0.788,-0.4629,-0.6258,-0.6283,-0.6368,-0.2443,-0.2239,-0.0184,0.0454,-0.1012,0.7958,-0.4043,-0.3988,-0.6345
1.5156,-1.2442,0.226,-0.7314,-0.4728,0.3118,-0.2704,0.6923,-1.128,0.0117,0.7429,0.0142,-0.2924,-0.6008,0.0972,-1.9326,-0.9026,-0.5247,-0.802,-0.7813,-0.8165,-0.4208,-0.3656,-0.2002,-0.0654,-0.2385,0.6819,-0.4619,-0.4285,-0.5223
1.4367,-1.3746,0.158,-0.7996,-0.5265,0.2702,-0.3556,0.6986,-1.1739,-0.0375,0.7629,-0.0029,-0.4232,-0.7558,0.0448,-2.0659,-0.9882,-0.5663,-0.9489,-0.8972,-0.9571,-0.5724,-0.492,-0.349,-0.1659,-0.3531,0.6009,-0.4955,-0.441,-0.4313
1.3513,-1.4796,0.0941,-0.8431,-0.5748,0.2106,-0.4223,0.7088,-1.2143,-0.0715,0.793,0.0118,-0.5215,-0.863,-0.0067,-2.1441,-1.0395,-0.5845,-1.0528,-0.9701,-1.0494,-0.6893,-0.5967,-0.4553,-0.2487,-0.4345,0.5611,-0.4999,-0.4391,-0.3637
1.2615,-1.5556,0.0392,-0.8614,-0.617,0.1381,-0.4663,0.7207,-1.2529,-0.0915,0.8274,0.0546,-0.5863,-0.9174,-0.0553,-2.1682,-1.0569,-0.5793,-1.1062,-1.0003,-1.092,-0.7682,-0.678,-0.5162,-0.3101,-0.4774,0.5646,-0.4757,-0.4254,-0.318
1.1713,-1.6038,-0.0049,-0.8567,-0.6538,0.0583,-0.4881,0.7314,-1.292,-0.1017,0.8608,0.1187,-0.6222,-0.922,-0.0981,-2.1465,-1.0456,-0.5539,-1.1092,-0.9928,-1.0894,-0.8117,-0.7378,-0.5357,-0.3501,-0.4829,0.6065,-0.4289,-0.4014,-0.2897
1.0865,-1.6278,-0.0391,-0.8328,-0.687,-0.0233,-0.4921,0.7387,-1.3311,-0.1077,0.889,0.1948,-0.6377,-0.8857,-0.1319,-2.0922,-1.0143,-0.5145,-1.0687,-0.9558,-1.0506,-0.8271,-0.7814,-0.5228,-0.3722,-0.4572,0.6764,-0.3699,-0.3685,-0.2724
1.0134,-1.6323,-0.0658,-0.7942,-0.7185,-0.1013,-0.4851,0.7412,-1.3657,-0.1155,0.9094,0.2724,-0.6431,-0.822,-0.1542,-2.0204,-0.9738,-0.4695,-0.9963,-0.8993,-0.9867,-0.8238,-0.8152,-0.4903,-0.3823,-0.4103,0.7603,-0.3102,-0.3278,-0.2594
0.9576,-1.6218,-0.0881,-0.7463,-0.7505,-0.1717,-0.4749,0.7396,-1.3891,-0.1298,0.9208,0.3415,-0.6488,-0.7463,-0.1642,-1.9455,-0.9348,-0.4286,-0.9064,-0.8331,-0.9097,-0.811,-0.8451,-0.4513,-0.3868,-0.354,0.8431,-0.2607,-0.2803,-0.2457
0.9218,-1.5995,-0.109,-0.6947,-0.7849,-0.2322,-0.468,0.7361,-1.3952,-0.1532,0.9233,0.3938,-0.6624,-0.6732,-0.1633,-1.8787,-0.9058,-0.4012,-0.8123,-0.7658,-0.8305,-0.7958,-0.8749,-0.4175,-0.3912,-0.2995,0.9118,-0.2295,-0.2274,-0.2292
0.9056,-1.568,-0.1305,-0.6445,-0.823,-0.2822,-0.4687,0.7341,-1.3815,-0.1859,0.918,0.4244,-0.6886,-0.6143,-0.1552,-1.8266,-0.8919,-0.3949,-0.7248,-0.7036,-0.7576,-0.7816,-0.9054,-0.3965,-0.3987,-0.2555,0.9573,-0.2207,-0.1707,-0.2117
0.9051,-1.5297,-0.1537,-0.6002,-0.8653,-0.3227,-0.4786,0.7373,-1.3508,-0.2257,0.9063,0.4326,-0.7273,-0.5763,-0.1443,-1.7908,-0.8932,-0.4136,-0.6498,-0.6499,-0.6966,-0.7682,-0.9339,-0.3906,-0.4099,-0.2272,0.9763,-0.2342,-0.1116,-0.1988
0.914,-1.4866,-0.1785,-0.5641,-0.9104,-0.3547,-0.4966,0.7481,-1.3107,-0.2685,0.8901,0.4217,-0.7751,-0.5598,-0.1349,-1.7681,-0.9052,-0.4568,-0.5883,-0.6051,-0.6487,-0.7516,-0.9542,-0.3971,-0.4225,-0.215,0.9715,-0.2661,-0.0517,-0.1984
0.9251,-1.4408,-0.2039,-0.5363,-0.9547,-0.3788,-0.5193,0.7678,-1.2707,-0.3092,0.872,0.3986,-0.8254,-0.5601,-0.1294,-1.7516,-0.9197,-0.5189,-0.5372,-0.5672,-0.6113,-0.7265,-0.9587,-0.4092,-0.4322,-0.2158,0.9504,-0.3098,0.0075,-0.2183
0.9314,-1.394,-0.2282,-0.5144,-0.9921,-0.3943,-0.5419,0.7953,-1.2387,-0.3418,0.8547,0.3722,-0.8706,-0.5688,-0.1273,-1.7323,-0.9265,-0.5902,-0.4911,-0.5322,-0.5787,-0.6873,-0.9394,-0.4182,-0.4343,-0.2233,0.9231,-0.3568,0.0645,-0.2645
0.927,-1.3475,-0.2494,-0.4943,-1.0148,-0.3985,-0.5591,0.8282,-1.2178,-0.3613,0.8417,0.3513,-0.9037,-0.5759,-0.1254,-1.7007,-0.916,-0.6584,-0.4444,-0.4951,-0.5434,-0.6302,-0.891,-0.4162,-0.4251,-0.2304,0.9005,-0.3994,0.1177,-0.3383
0.9079,-1.3019,-0.2659,-0.4723,-1.0145,-0.3873,-0.5661,0.8627,-1.2054,-0.3633,0.8362,0.3429,-0.9201,-0.5725,-0.1189,-1.6487,-0.8813,-0.7107,-0.3927,-0.4517,-0.4983,-0.555,-0.8118,-0.3982,-0.4024,-0.2308,0.8908,-0.4311,0.166,-0.4363
0.8717,-1.2579,-0.2764,-0.4457,-0.9846,-0.3567,-0.5597,0.8947,-1.1943,-0.3463,0.8409,0.3509,-0.9181,-0.5533,-0.1025,-1.5716,-0.8201,-0.7366,-0.3345,-0.3991,-0.4389,-0.4649,-0.7053,-0.3636,-0.367,-0.2207,0.8987,-0.449,0.2085,-0.5502
0.8184,-1.2168,-0.2804,-0.4146,-0.9225,-0.3045,-0.5393,0.9199,-1.1767,-0.3113,0.8565,0.375,-0.8992,-0.5176,-0.0732,-1.4694,-0.735,-0.7298,-0.2708,-0.3379,-0.3651,-0.3665,-0.5795,-0.3163,-0.3219,-0.1997,0.924,-0.4533,0.2446,-0.6678
0.7512,-1.1807,-0.2781,-0.382,-0.8307,-0.2316,-0.5071,0.9348,-1.1464,-0.2622,0.8815,0.4114,-0.8677,-0.4697,-0.0311,-1.3474,-0.6331,-0.6897,-0.2048,-0.2718,-0.2817,-0.2688,-0.4463,-0.2643,-0.2722,-0.1704,0.9617,-0.4478,0.274,-0.7747
0.676,-1.1525,-0.27,-0.3528,-0.7174,-0.1428,-0.468,0.9367,-1.1021,-0.2055,0.9119,0.4535,-0.829,-0.4171,0.0199,-1.2165,-0.5247,-0.6213,-0.1414,-0.208,-0.1976,-0.1809,-0.3189,-0.2169,-0.2243,-0.1377,1.0042,-0.4387,0.2959,-0.8561
0.6017,-1.1357,-0.2567,-0.3332,-0.595,-0.0462,-0.4287,0.9241,-1.0474,-0.1488,0.9415,0.4936,-0.7884,-0.3693,0.0727,-1.0907,-0.4209,-0.5347,-0.0853,-0.1552,-0.1235,-0.1111,-0.2101,-0.1836,-0.1845,-0.1079,1.0423,-0.4325,0.3091,-0.8993
0.5382,-1.1333,-0.2382,-0.3287,-0.4779,0.0483,-0.3962,0.8971,-0.9891,-0.0994,0.9636,0.5247,-0.7499,-0.3346,0.119,-0.9849,-0.3317,-0.4427,-0.0404,-0.1215,-0.0695,-0.0648,-0.1301,-0.1708,-0.1578,-0.0861,1.0685,-0.435,0.3118,-0.8959
0.4944,-1.1466,-0.214,-0.3426,-0.3797,0.1314,-0.3768,0.8574,-0.9354,-0.0634,0.9723,0.5426,-0.7153,-0.3183,0.1519,-0.9119,-0.2645,-0.3587,-0.0095,-0.1124,-0.0422,-0.0443,-0.0853,-0.1812,-0.1473,-0.0759,1.078,-0.4488,0.3023,-0.8435
0.4756,-1.1742,-0.183,-0.3756,-0.3103,0.1964,-0.3743,0.8085,-0.8927,-0.044,0.9642,0.5467,-0.6841,-0.3217,0.1679,-0.8791,-0.2228,-0.2939,0.0068,-0.1295,-0.0435,-0.0478,-0.0769,-0.2126,-0.1532,-0.0775,1.0702,-0.4733,0.2791,-0.7472
0.4818,-1.2121,-0.1446,-0.4254,-0.275,0.2399,-0.3903,0.7548,-0.8641,-0.0419,0.9392,0.5406,-0.6543,-0.342,0.1683,-0.8872,-0.2066,-0.2553,0.0094,-0.1699,-0.0704,-0.0709,-0.1011,-0.2587,-0.1728,-0.0886,1.0481,-0.5039,0.2419,-0.6192
0.5072,-1.2539,-0.0987,-0.4869,-0.2737,0.262,-0.4231,0.701,-0.8488,-0.055,0.901,0.5309,-0.6229,-0.3736,0.1594,-0.9303,-0.2129,-0.245,0.0002,-0.2272,-0.1165,-0.1065,-0.1504,-0.3108,-0.2012,-0.1042,1.0177,-0.5334,0.1919,-0.4777
0.5417,-1.2927,-0.0471,-0.5542,-0.302,0.2647,-0.469,0.6518,-0.842,-0.0793,0.8565,0.5255,-0.5878,-0.4097,0.1507,-0.9972,-0.2369,-0.2599,-0.0183,-0.2931,-0.174,-0.1474,-0.2151,-0.3593,-0.2325,-0.1186,0.9855,-0.5542,0.132,-0.343
0.5728,-1.3224,0.0065,-0.621,-0.353,0.2506,-0.523,0.6107,-0.8367,-0.1102,0.8133,0.5309,-0.549,-0.4448,0.1522,-1.0744,-0.2736,-0.2934,-0.0446,-0.3597,-0.236,-0.1872,-0.2858,-0.397,-0.2612,-0.1269,0.9565,-0.5603,0.0671,-0.2341
0.5889,-1.3397,0.0565,-0.6823,-0.4184,0.2219,-0.5795,0.5799,-0.8255,-0.1437,0.7784,0.5501,-0.5095,-0.4757,0.1718,-1.1493,-0.3188,-0.3366,-0.0778,-0.4207,-0.2983,-0.2219,-0.3549,-0.4202,-0.2838,-0.1266,0.9331,-0.5497,0.003,-0.164
0.5824,-1.3447,0.0968,-0.7348,-0.4908,0.1802,-0.6343,0.5598,-0.8027,-0.1776,0.7553,0.5816,-0.4746,-0.5023,0.2131,-1.2123,-0.3696,-0.3805,-0.1179,-0.4728,-0.3594,-0.2499,-0.4178,-0.4298,-0.2992,-0.1181,0.914,-0.5257,-0.0541,-0.137
0.5519,-1.3405,0.1218,-0.7772,-0.5647,0.1266,-0.6845,0.5491,-0.7652,-0.2119,0.7434,0.6192,-0.4512,-0.5269,0.2743,-1.2587,-0.4242,-0.417,-0.165,-0.5158,-0.4205,-0.2717,-0.4725,-0.4301,-0.3089,-0.1044,0.8951,-0.4955,-0.0987,-0.1482
0.5028,-1.333,0.128,-0.8094,-0.6364,0.0624,-0.7296,0.5455,-0.713,-0.2483,0.7381,0.6543,-0.4456,-0.5533,0.3493,-1.288,-0.4817,-0.4402,-0.2184,-0.5518,-0.4836,-0.2886,-0.5182,-0.4272,-0.3151,-0.0899,0.8711,-0.4688,-0.1276,-0.1852
0.4468,-1.3286,0.1146,-0.8328,-0.705,-0.0103,-0.7708,0.5454,-0.6487,-0.2891,0.7323,0.6784,-0.4615,-0.5848,0.4297,-1.3034,-0.5409,-0.447,-0.2763,-0.5844,-0.5507,-0.3016,-0.5546,-0.4264,-0.3201,-0.0785,0.8377,-0.4545,-0.1404,-0.2321
0.3986,-1.3329,0.0838,-0.8491,-0.7716,-0.0884,-0.8103,0.5452,-0.5758,-0.3361,0.7194,0.6859,-0.4985,-0.6237,0.5068,-1.3099,-0.6,-0.4371,-0.3358,-0.6174,-0.6224,-0.311,-0.5808,-0.4306,-0.325,-0.072,0.7936,-0.4578,-0.1402,-0.2739
0.3733,-1.3493,0.0402,-0.8605,-0.8383,-0.1677,-0.8499,0.5414,-0.4975,-0.3895,0.6952,0.6756,-0.5517,-0.6699,0.5738,-1.313,-0.6563,-0.4131,-0.3931,-0.6535,-0.6973,-0.3161,-0.5952,-0.439,-0.329,-0.0704,0.741,-0.4789,-0.1321,-0.3001
0.3823,-1.3782,-0.0097,-0.8687,-0.9074,-0.2433,-0.8903,0.5316,-0.4158,-0.447,0.6602,0.6516,-0.6123,-0.7209,0.6265,-1.3169,-0.7066,-0.3796,-0.445,-0.6934,-0.7717,-0.3155,-0.5968,-0.4482,-0.3301,-0.071,0.6854,-0.5127,-0.1227,-0.3068
0.4313,-1.4168,-0.0591,-0.8752,-0.9794,-0.3095,-0.9299,0.5152,-0.3315,-0.5046,0.6189,0.6213,-0.6693,-0.7718,0.664,-1.3241,-0.7471,-0.3425,-0.4887,-0.7349,-0.8399,-0.3084,-0.5852,-0.4526,-0.3261,-0.0702,0.6335,-0.5505,-0.1179,-0.2966
0.5182,-1.4602,-0.1016,-0.8803,-1.0518,-0.3607,-0.9647,0.4932,-0.2454,-0.5564,0.5784,0.5941,-0.712,-0.816,0.6876,-1.3343,-0.7749,-0.3074,-0.5225,-0.7737,-0.8948,-0.2946,-0.5617,-0.4466,-0.3156,-0.0642,0.5919,-0.5831,-0.1219,-0.2761
0.6341,-1.502,-0.1321,-0.8834,-1.1193,-0.3917,-0.9892,0.4685,-0.1595,-0.5967,0.5456,0.5776,-0.7323,-0.8463,0.7003,-1.3455,-0.788,-0.2792,-0.5456,-0.8035,-0.929,-0.2752,-0.5292,-0.4261,-0.2989,-0.0504,0.5651,-0.6028,-0.1365,-0.2534
0.7648,-1.5363,-0.1474,-0.8833,-1.1736,-0.3983,-0.997,0.4449,-0.0778,-0.6202,0.525,0.5765,-0.7262,-0.8562,0.7052,-1.3543,-0.7862,-0.2616,-0.558,-0.818,-0.9367,-0.2524,-0.4916,-0.3895,-0.2789,-0.0278,0.554,-0.6062,-0.1611,-0.2347
0.8938,-1.5581,-0.1462,-0.8781,-1.2055,-0.378,-0.9826,0.4269,-0.0057,-0.6233,0.5177,0.5915,-0.694,-0.8418,0.7049,-1.3572,-0.7709,-0.2563,-0.5601,-0.8124,-0.9149,-0.2286,-0.4534,-0.338,-0.2603,0.0026,0.5565,-0.5939,-0.193,-0.2225
1.0059,-1.5645,-0.1293,-0.8661,-1.2069,-0.331,-0.9421,0.4186,0.0518,-0.6044,0.5215,0.6196,-0.6398,-0.8023,0.7015,-1.3517,-0.7448,-0.2632,-0.5525,-0.7848,-0.8644,-0.2062,-0.4185,-0.2759,-0.2487,0.0385,0.5682,-0.5703,-0.2285,-0.2155
1.0905,-1.5543,-0.0987,-0.8455,-1.1726,-0.2597,-0.8745,0.4233,0.092,-0.5638,0.5326,0.6557,-0.5694,-0.7403,0.6964,-1.337,-0.7113,-0.2803,-0.5357,-0.7365,-0.7901,-0.1867,-0.3893,-0.2092,-0.2489,0.0766,0.5836,-0.5415,-0.2631,-0.2096
1.1424,-1.5286,-0.0579,-0.8154,-1.1023,-0.1695,-0.7814,0.4429,0.1174,-0.5034,0.5468,0.6943,-0.4892,-0.6609,0.6909,-1.3137,-0.6732,-0.3036,-0.5104,-0.6716,-0.6997,-0.17,-0.3659,-0.1444,-0.2635,0.1136,0.598,-0.5132,-0.2933,-0.2001
1.1628,-1.4902,-0.011,-0.7756,-1.0007,-0.0681,-0.6676,0.4775,0.1358,-0.4264,0.5615,0.7315,-0.4054,-0.5708,0.6861,-1.2836,-0.6323,-0.327,-0.4774,-0.5962,-0.6022,-0.1549,-0.3465,-0.0877,-0.2914,0.1468,0.6083,-0.4895,-0.3162,-0.183
1.1572,-1.4431,0.0376,-0.727,-0.8773,0.0351,-0.5399,0.5253,0.1603,-0.3368,0.5758,0.7658,-0.3229,-0.4763,0.6827,-1.2486,-0.5889,-0.3438,-0.4371,-0.5169,-0.5061,-0.1387,-0.3279,-0.0433,-0.3283,0.1745,0.6143,-0.4715,-0.3301,-0.1567
1.1336,-1.3922,0.0839,-0.6717,-0.7442,0.1297,-0.4067,0.5828,0.207,-0.2393,0.5905,0.7982,-0.2459,-0.3831,0.6819,-1.2104,-0.5419,-0.3474,-0.3901,-0.4394,-0.4176,-0.1191,-0.3065,-0.0131,-0.3675,0.1963,0.6176,-0.4583,-0.3345,-0.1221
1.1002,-1.3425,0.1246,-0.6128,-0.6136,0.2062,-0.2768,0.6454,0.2915,-0.1387,0.6075,0.8321,-0.1779,-0.2949,0.6843,-1.1701,-0.4894,-0.3326,-0.3371,-0.3677,-0.3395,-0.0945,-0.2801,0.0033,-0.4018,0.2125,0.6211,-0.4476,-0.3295,-0.0818
1.0637,-1.2983,0.158,-0.5538,-0.4961,0.2577,-0.1585,0.7083,0.4243,-0.0402,0.6286,0.8704,-0.1212,-0.2139,0.69,-1.1278,-0.4299,-0.2975,-0.2791,-0.3031,-0.2708,-0.0648,-0.2485,0.008,-0.4252,0.2233,0.6273,-0.4372,-0.3155,-0.0392
1.0284,-1.2626,0.1839,-0.498,-0.3986,0.281,-0.0589,0.7662,0.6081,0.0509,0.6537,0.9144,-0.077,-0.1409,0.6985,-1.083,-0.3626,-0.2432,-0.2176,-0.2446,-0.2072,-0.0318,-0.2141,0.0042,-0.4347,0.2292,0.6372,-0.4268,-0.2929,0.0031
0.9961,-1.2364,0.2039,-0.4476,-0.3239,0.2772,0.0165,0.8143,0.8354,0.129,0.6802,0.9621,-0.045,-0.0759,0.7082,-1.0346,-0.2889,-0.1744,-0.1543,-0.1895,-0.143,0.0016,-0.1809,-0.005,-0.4305,0.2296,0.6493,-0.4176,-0.2622,0.0436
0.966,-1.2183,0.2209,-0.4033,-0.2708,0.2516,0.0645,0.849,1.0898,0.189,0.7033,1.0087,-0.0232,-0.0186,0.7166,-0.9815,-0.2119,-0.098,-0.0911,-0.1342,-0.0728,0.0322,-0.1541,-0.0173,-0.4154,0.224,0.66,-0.4126,-0.2239,0.0826
0.9359,-1.2048,0.2385,-0.364,-0.2353,0.2123,0.0843,0.8674,1.3489,0.2272,0.7163,1.0471,-0.0087,0.031,0.7211,-0.9233,-0.1363,-0.0214,-0.0293,-0.0754,0.007,0.0578,-0.1373,-0.0304,-0.3938,0.2125,0.665,-0.415,-0.1794,0.121
0.9031,-1.1912,0.2601,-0.3269,-0.2117,0.1689,0.078,0.8689,1.5904,0.2419,0.713,1.0712,0.0022,0.0727,0.7197,-0.8603,-0.0672,0.0493,0.0307,-0.0111,0.0963,0.0778,-0.1318,-0.0426,-0.3701,0.1966,0.6606,-0.4265,-0.1313,0.1596
0.8659,-1.1728,0.2884,-0.289,-0.1944,0.1306,0.0504,0.8544,1.7967,0.2341,0.6902,1.0769,0.0123,0.1069,0.7124,-0.7938,-0.0086,0.1109,0.0896,0.0591,0.1919,0.094,-0.1355,-0.0515,-0.3472,0.18,0.645,-0.4466,-0.0833,0.1982
0.8253,-1.1458,0.3244,-0.2475,-0.1784,0.1041,0.0091,0.827,1.9596,0.2083,0.649,1.0644,0.0237,0.1345,0.7008,-0.7254,0.0382,0.1633,0.149,0.134,0.2883,0.1103,-0.1427,-0.0536,-0.326,0.1688,0.6201,-0.472,-0.0406,0.2342
0.7849,-1.1077,0.3678,-0.201,-0.1602,0.0933,-0.0365,0.7915,2.0813,0.1721,0.5962,1.0378,0.0377,0.1577,0.6884,-0.6565,0.0748,0.2096,0.2109,0.2114,0.3793,0.1318,-0.146,-0.0444,-0.3046,0.1703,0.5906,-0.4968,-0.0086,0.2628
0.7515,-1.058,0.4162,-0.1503,-0.1377,0.0987,-0.076,0.7537,2.173,0.1353,0.5436,1.0043,0.0546,0.1797,0.6802,-0.5872,0.106,0.2546,0.2769,0.2888,0.4595,0.1639,-0.1373,-0.0189,-0.2793,0.192,0.5638,-0.5136,0.0079,0.2777
0.7335,-0.9974,0.4667,-0.0978,-0.1097,0.1187,-0.0998,0.7201,2.2508,0.109,0.5049,0.9728,0.0755,0.205,0.6817,-0.5163,0.1385,0.303,0.3483,0.3645,0.5264,0.2106,-0.1104,0.0278,-0.2453,0.2399,0.5483,-0.5146,0.0065,0.2721
0.7389,-0.9269,0.5155,-0.0465,-0.0751,0.1505,-0.0997,0.6964,2.3309,0.1033,0.4933,0.9517,0.1022,0.2385,0.6974,-0.4413,0.1793,0.3578,0.4256,0.4383,0.581,0.2744,-0.0618,0.0992,-0.1978,0.3166,0.5526,-0.4932,-0.0123,0.2404
0.774,-0.8478,0.5597,0.0008,-0.0326,0.1917,-0.071,0.6867,2.4249,0.1264,0.5175,0.9479,0.138,0.2849,0.7303,-0.36,0.2342,0.4198,0.5084,0.5119,0.6275,0.356,0.008,0.1963,-0.1338,0.4209,0.5834,-0.4448,-0.0443,0.1804
0.8416,-0.7607,0.5968,0.0427,0.0194,0.2403,-0.0123,0.693,2.537,0.1821,0.5799,0.9653,0.187,0.3483,0.7803,-0.2707,0.3058,0.4868,0.5959,0.588,0.6727,0.4541,0.0956,0.317,-0.0524,0.5471,0.6446,-0.3682,-0.0825,0.0936
0.9408,-0.6669,0.6255,0.0784,0.082,0.2951,0.0734,0.7141,2.6628,0.2697,0.6759,1.0042,0.2529,0.4304,0.8438,-0.1738,0.3934,0.5548,0.6865,0.6693,0.7236,0.566,0.195,0.4556,0.0442,0.6859,0.7361,-0.2658,-0.1182,-0.0137
1.0663,-0.5681,0.6449,0.1083,0.1551,0.3543,0.1795,0.7464,2.7909,0.383,0.7946,1.0613,0.3373,0.5304,0.914,-0.0724,0.4921,0.6182,0.7776,0.7574,0.7854,0.6875,0.2987,0.6032,0.1508,0.8259,0.8535,-0.1441,-0.1436,-0.1316
1.2095,-0.4676,0.6543,0.1322,0.237,0.4151,0.2965,0.7849,2.9064,0.5118,0.9211,1.1296,0.438,0.6437,0.9815,0.0283,0.5939,0.6712,0.8656,0.8507,0.8591,0.813,0.3989,0.7479,0.2592,0.9546,0.9874,-0.013,-0.1529,-0.2469
1.3595,-0.3706,0.6534,0.1496,0.3234,0.4731,0.4134,0.8242,2.9945,0.6429,1.0395,1.2002,0.5482,0.7624,1.0357,0.1215,0.6883,0.7084,0.9454,0.9446,0.9408,0.9353,0.488,0.8767,0.3594,1.061,1.1251,0.1154,-0.1442,-0.3458
1.504,-0.2836,0.6419,0.1592,0.4088,0.5228,0.5198,0.8598,3.045,0.7622,1.1359,1.2635,0.6578,0.8759,1.0671,0.2,0.7647,0.7261,1.0116,1.0319,1.0223,1.046,0.5598,0.9769,0.4414,1.1367,1.2517,0.2286,-0.1198,-0.4156
1.631,-0.2132,0.6206,0.1599,0.4863,0.5581,0.6069,0.8893,3.054,0.8574,1.2011,1.3105,0.7542,0.9727,1.0686,0.258,0.8141,0.7228,1.0588,1.1038,1.0927,1.1364,0.6097,1.0385,0.497,1.1774,1.353,0.3162,-0.0853,-0.4474
1.7301,-0.1642,0.5909,0.1509,0.5495,0.5736,0.6689,0.912,3.0254,0.9196,1.2316,1.3352,0.8252,1.0423,1.0376,0.2917,0.8312,0.6999,1.0829,1.1522,1.1413,1.1983,0.6357,1.0559,0.5217,1.1839,1.4181,0.3711,-0.0482,-0.4377
1.7939,-0.1385,0.5555,0.1328,0.5938,0.5659,0.7036,0.9289,2.9688,0.9449,1.2297,1.3347,0.8611,1.0773,0.9765,0.2999,0.8154,0.6608,1.0819,1.1711,1.1597,1.2259,0.6378,1.0292,0.5159,1.1614,1.4415,0.3915,-0.0163,-0.3894
1.8186,-0.1335,0.5176,0.1078,0.6172,0.5341,0.712,0.9417,2.8967,0.9347,1.2024,1.3099,0.8563,1.0746,0.8926,0.2843,0.771,0.6107,1.0564,1.1584,1.144,1.2163,0.6188,0.9644,0.4852,1.1189,1.4244,0.3803,0.0047,-0.3113
1.804,-0.1432,0.4812,0.0794,0.6212,0.4804,0.6979,0.9518,2.8215,0.8954,1.1597,1.2654,0.8106,1.0359,0.7969,0.2485,0.7062,0.5549,1.0096,1.1158,1.0956,1.1708,0.5828,0.8721,0.4388,1.0672,1.374,0.3449,0.0114,-0.2164
1.7542,-0.1588,0.4499,0.052,0.6104,0.4096,0.6668,0.9599,2.7517,0.8368,1.1118,1.2079,0.7286,0.9682,0.7016,0.1983,0.632,0.4984,0.9468,1.0491,1.0212,1.094,0.5351,0.7656,0.3882,1.0167,1.3027,0.2952,0.0042,-0.1191
1.6769,-0.171,0.427,0.0304,0.5914,0.3289,0.6251,0.9653,2.6908,0.7699,1.0675,1.145,0.6193,0.8818,0.6184,0.1406,0.5594,0.4442,0.8739,0.967,0.9315,0.9939,0.481,0.6586,0.3444,0.9757,1.2246,0.2418,-0.0139,-0.0316
1.5825,-0.1729,0.4145,0.018,0.5712,0.246,0.5788,0.9664,2.6373,0.7045,1.0325,1.0832,0.4937,0.7888,0.5558,0.0819,0.4982,0.3936,0.7972,0.8796,0.8389,0.88,0.4246,0.5626,0.3155,0.9487,1.1534,0.1936,-0.0375,0.0377
1.4837,-0.1605,0.4124,0.0169,0.5553,0.1682,0.5323,0.9605,2.5866,0.6475,1.0087,1.0271,0.3633,0.7008,0.5183,0.0278,0.4551,0.3455,0.7215,0.7963,0.7552,0.7625,0.3689,0.4858,0.3057,0.9362,1.0993,0.1566,-0.0608,0.0855
1.3932,-0.1341,0.4185,0.0269,0.546,0.1011,0.4888,0.9447,2.5336,0.6015,0.9949,0.978,0.2383,0.6266,0.5059,-0.0189,0.4322,0.2972,0.6504,0.7243,0.689,0.6504,0.3151,0.4315,0.3144,0.9352,1.0675,0.1327,-0.0786,0.113
1.3224,-0.0974,0.4287,0.0459,0.5421,0.0473,0.4492,0.9168,2.476,0.5653,0.9875,0.9342,0.1263,0.5709,0.5154,-0.0584,0.4277,0.2454,0.5857,0.6676,0.6444,0.551,0.2629,0.3985,0.3369,0.9402,1.0569,0.1197,-0.087,0.1242
1.2789,-0.0569,0.4371,0.0701,0.5393,0.0065,0.4132,0.876,2.415,0.5339,0.9817,0.8913,0.0315,0.5342,0.5407,-0.0934,0.4362,0.1865,0.5283,0.6267,0.6206,0.4693,0.2114,0.3822,0.3656,0.9448,1.0607,0.1116,-0.0843,0.124
1.265,-0.0197,0.4374,0.0945,0.5311,-0.0247,0.3793,0.8232,2.3554,0.5009,0.9727,0.8435,-0.0453,0.5131,0.575,-0.1281,0.4506,0.1185,0.4778,0.5992,0.6129,0.4072,0.1597,0.3753,0.3914,0.9429,1.0684,0.1006,-0.0706,0.117
1.2774,0.0073,0.4237,0.1137,0.511,-0.0518,0.3451,0.7612,2.304,0.4598,0.9563,0.7854,-0.1066,0.5017,0.6114,-0.1661,0.4641,0.0415,0.4338,0.5807,0.6143,0.3645,0.1076,0.3701,0.4057,0.9297,1.0678,0.0787,-0.0479,0.1062
1.3077,0.0192,0.392,0.123,0.4739,-0.0806,0.3087,0.6944,2.2669,0.4066,0.9305,0.7136,-0.1565,0.494,0.6443,-0.209,0.4722,-0.0415,0.3961,0.5662,0.6176,0.3396,0.0564,0.3608,0.4021,0.9032,1.0492,0.0403,-0.019,0.0927
1.3443,0.0138,0.3416,0.1192,0.4181,-0.1164,0.269,0.6285,2.2474,0.3411,0.8954,0.6282,-0.199,0.4853,0.6702,-0.2554,0.4735,-0.1249,0.3647,0.5515,0.6175,0.33,0.0085,0.344,0.3782,0.8639,1.0071,-0.0161,0.012,0.0756
1.3745,-0.0077,0.2756,0.1015,0.3455,-0.1616,0.2266,0.5696,2.2443,0.2675,0.8535,0.5334,-0.2369,0.4736,0.688,-0.3007,0.4697,-0.2013,0.34,0.5337,0.6115,0.3336,-0.0329,0.3201,0.3353,0.8155,0.9422,-0.0874,0.0411,0.0527
1.3876,-0.0417,0.2004,0.0718,0.2618,-0.2156,0.1836,0.5238,2.2521,0.194,0.809,0.4367,-0.2704,0.4597,0.6986,-0.3385,0.4644,-0.263,0.3221,0.5119,0.6004,0.3482,-0.0655,0.2922,0.2782,0.7629,0.8607,-0.1661,0.0638,0.0217
1.376,-0.0827,0.1252,0.034,0.175,-0.2742,0.1438,0.4956,2.2625,0.1302,0.7669,0.3474,-0.2976,0.4467,0.7038,-0.3622,0.4616,-0.3039,0.3106,0.4867,0.5872,0.3719,-0.0885,0.2648,0.2135,0.7116,0.7722,-0.2426,0.0763,-0.0187
1.3368,-0.1253,0.0594,-0.0065,0.094,-0.3312,0.1112,0.4866,2.2659,0.0855,0.7308,0.2742,-0.3149,0.4382,0.7053,-0.367,0.4636,-0.3208,0.304,0.46,0.5757,0.4019,-0.1037,0.242,0.1482,0.6657,0.6874,-0.3074,0.0758,-0.0666
1.2721,-0.1648,0.0105,-0.0441,0.0275,-0.379,0.0892,0.4949,2.2538,0.066,0.7021,0.2228,-0.3189,0.4379,0.704,-0.3516,0.4706,-0.3147,0.3003,0.4343,0.5695,0.4343,-0.1152,0.2261,0.0875,0.6267,0.615,-0.3534,0.0614,-0.117
1.1887,-0.1981,-0.0171,-0.0738,-0.0177,-0.4101,0.08,0.5153,2.2205,0.0736,0.6798,0.1954,-0.307,0.4478,0.6999,-0.318,0.4802,-0.2906,0.2967,0.4127,0.571,0.4644,-0.1284,0.2169,0.0347,0.5936,0.5602,-0.3773,0.0346,-0.1619
1.0965,-0.2228,-0.0235,-0.0916,-0.0371,-0.4181,0.0839,0.5407,2.1642,0.1059,0.6612,0.1895,-0.2784,0.4687,0.692,-0.2714,0.4894,-0.257,0.2908,0.3988,0.5808,0.4871,-0.1485,0.2118,-0.0093,0.563,0.5241,-0.3799,-0.0006,-0.1922
1.0082,-0.2374,-0.0122,-0.0945,-0.0289,-0.3986,0.0997,0.5634,2.0876,0.1573,0.6431,0.1997,-0.2342,0.5002,0.6792,-0.2183,0.4954,-0.2233,0.2816,0.3963,0.5986,0.4987,-0.1782,0.2073,-0.0456,0.5308,0.5041,-0.3654,-0.0385,-0.1998
0.9364,-0.2402,0.0106,-0.0806,0.0059,-0.3497,0.1249,0.5775,1.9974,0.2206,0.6234,0.2188,-0.176,0.5413,0.6608,-0.1653,0.4973,-0.1973,0.2694,0.4087,0.6236,0.4976,-0.2168,0.2005,-0.0755,0.494,0.4952,-0.34,-0.0727,-0.1803
0.8929,-0.2295,0.0381,-0.0492,0.0644,-0.2722,0.1573,0.5802,1.9039,0.2893,0.6019,0.2401,-0.1058,0.5909,0.6377,-0.1169,0.4965,-0.1833,0.2571,0.4389,0.6554,0.4861,-0.2588,0.1901,-0.1001,0.4519,0.4918,-0.31,-0.0971,-0.1347
0.8863,-0.2037,0.0645,-0.0007,0.142,-0.1696,0.1949,0.5719,1.819,0.358,0.5806,0.2588,-0.0241,0.6483,0.6127,-0.0751,0.497,-0.1808,0.2494,0.4882,0.6944,0.4697,-0.2954,0.1784,-0.1189,0.4072,0.4889,-0.2806,-0.1077,-0.0697
0.9212,-0.1618,0.0866,0.0634,0.2337,-0.0475,0.2367,0.5566,1.7547,0.4238,0.5626,0.2733,0.0696,0.7137,0.5905,-0.0388,0.5037,-0.1847,0.2526,0.5562,0.7418,0.4574,-0.3154,0.1705,-0.1294,0.3658,0.4835,-0.2549,-0.1023,0.0031
0.9964,-0.1041,0.1041,0.141,0.3347,0.0869,0.2832,0.5404,1.7212,0.486,0.5515,0.285,0.1767,0.787,0.5768,-0.0044,0.522,-0.1866,0.2728,0.6409,0.7997,0.4586,-0.3082,0.1735,-0.1282,0.3352,0.4751,-0.2332,-0.0815,0.0693
1.1052,-0.0327,0.1195,0.2289,0.4409,0.2261,0.3353,0.5299,1.7248,0.5451,0.5501,0.2971,0.2982,0.8684,0.5773,0.0328,0.5554,-0.178,0.3149,0.7388,0.8695,0.4819,-0.2668,0.1951,-0.1112,0.3231,0.4657,-0.214,-0.0478,0.1144
1.2357,0.0478,0.1369,0.3232,0.5495,0.363,0.3946,0.5311,1.7676,0.6025,0.5604,0.3131,0.433,0.9566,0.5959,0.0771,0.6055,-0.152,0.3807,0.8454,0.9515,0.5319,-0.1894,0.2407,-0.0758,0.3348,0.4583,-0.1942,-0.0055,0.1271
1.373,0.1313,0.1602,0.4193,0.658,0.4913,0.4617,0.5477,1.8475,0.6595,0.5831,0.3353,0.5763,1.0488,0.6332,0.131,0.6706,-0.106,0.4681,0.9554,1.0435,0.608,-0.0811,0.3124,-0.0221,0.3725,0.4569,-0.1711,0.0398,0.1016
1.5016,0.2105,0.1921,0.5119,0.7639,0.6059,0.5362,0.5804,1.9587,0.7162,0.6177,0.3638,0.7196,1.1401,0.6865,0.1941,0.7468,-0.0415,0.5715,1.0636,1.1408,0.7042,0.0474,0.4073,0.0474,0.4341,0.4644,-0.1425,0.0823,0.0382
1.6086,0.2787,0.233,0.5956,0.8643,0.704,0.6155,0.6264,2.0925,0.7716,0.6628,0.3959,0.8509,1.2241,0.75,0.2632,0.8282,0.0356,0.6826,1.1645,1.2368,0.8104,0.1821,0.5185,0.1272,0.5143,0.4824,-0.1078,0.1167,-0.0562
1.6857,0.3311,0.2805,0.6656,0.9557,0.7842,0.6948,0.6804,2.2385,0.8233,0.716,0.4265,0.9575,1.2937,0.8163,0.3327,0.9081,0.1174,0.7919,1.2536,1.3241,0.9147,0.3085,0.6359,0.2106,0.6054,0.5111,-0.0683,0.1391,-0.1702
1.7301,0.3657,0.33,0.7186,1.0338,0.8469,0.7673,0.7349,2.3854,0.8675,0.7732,0.449,1.0284,1.3426,0.8782,0.396,0.9803,0.1953,0.8908,1.3271,1.3959,1.0057,0.4152,0.748,0.2909,0.6987,0.5485,-0.0268,0.1482,-0.2905
1.7436,0.3835,0.3759,0.7529,1.0941,0.8936,0.8255,0.7826,2.522,0.9,0.8294,0.4572,1.0565,1.366,0.9298,0.4458,1.0393,0.2614,0.9723,1.382,1.4469,1.0754,0.4953,0.8437,0.3618,0.7855,0.5912,0.0125,0.1449,-0.4044
1.7319,0.3881,0.4122,0.769,1.1323,0.9257,0.8623,0.8175,2.6379,0.9168,0.879,0.4466,1.0403,1.3614,0.9671,0.476,1.0809,0.3102,1.0325,1.4155,1.4736,1.1194,0.5473,0.9136,0.4189,0.8577,0.6349,0.0445,0.1323,-0.5022
1.7019,0.3838,0.4344,0.7686,1.1448,0.9445,0.8726,0.8361,2.7253,0.9153,0.9166,0.416,0.984,1.3295,0.9885,0.4812,1.1025,0.3388,1.0705,1.4257,1.4747,1.1384,0.5743,0.9514,0.4597,0.9089,0.6747,0.0641,0.1148,-0.5783
1.6607,0.3751,0.4397,0.7544,1.1293,0.9507,0.8544,0.8385,2.779,0.8943,0.9378,0.3675,0.8964,1.2732,0.9941,0.4585,1.1029,0.3471,1.088,1.4111,1.4503,1.1367,0.5825,0.9541,0.4835,0.9344,0.7063,0.0674,0.0975,-0.6316
1.6137,0.3649,0.4273,0.7295,1.0856,0.9449,0.8092,0.827,2.7973,0.8549,0.9404,0.3056,0.7888,1.1974,0.9853,0.407,1.0828,0.3378,1.089,1.3712,1.4024,1.1208,0.5791,0.9224,0.4915,0.9321,0.7267,0.0522,0.0846,-0.6651
1.5645,0.3552,0.3986,0.6968,1.0156,0.9278,0.741,0.8059,2.7827,0.7994,0.9242,0.2361,0.6719,1.1077,0.9647,0.3287,1.0444,0.3152,1.0785,1.3073,1.3342,1.0981,0.5712,0.8606,0.4861,0.9029,0.7347,0.0186,0.0787,-0.684
1.5153,0.3466,0.3569,0.6593,0.9238,0.9011,0.6558,0.7797,2.7416,0.7318,0.8917,0.1637,0.5542,1.0097,0.9354,0.2281,0.9915,0.2844,1.0616,1.2231,1.2501,1.0749,0.5641,0.7755,0.4708,0.851,0.731,-0.031,0.0805,-0.695
1.4673,0.3394,0.3065,0.6197,0.8171,0.8675,0.5605,0.752,2.6831,0.6565,0.8477,0.092,0.4409,0.9082,0.9014,0.1123,0.9292,0.2502,1.0429,1.1246,1.1561,1.0553,0.5612,0.6761,0.4499,0.7833,0.7187,-0.0919,0.089,-0.7038
1.4214,0.3339,0.2526,0.5805,0.704,0.8313,0.4617,0.7254,2.6184,0.5785,0.7982,0.0223,0.3338,0.8071,0.8666,-0.0099,0.8636,0.2167,1.026,1.0199,1.0589,1.041,0.5642,0.5721,0.4279,0.7091,0.702,-0.1583,0.1018,-0.7151
